file,generatedAt,result.averages.avgCloseAttempts,result.averages.avgCloseSuccess,result.averages.avgEndEquity,result.averages.avgEndEquityCore,result.averages.avgEndPrice,result.averages.avgEndUSDC,result.averages.avgEndWETH,result.averages.avgHedgeRealizedPnlUSDC,result.averages.avgHedgeTotalPnlUSDC,result.averages.avgHedgeUnrealizedPnlUSDC,result.averages.avgHoldOnlyEnd,result.averages.avgLongTradePnl,result.averages.avgMaxUtilizationBps,result.averages.avgOpenedLongs,result.averages.avgOpenedShorts,result.averages.avgOpenFailInsufficientLiquidity,result.averages.avgOpenFailNoOffset,result.averages.avgOpenFailOther,result.averages.avgPoolTradePnl,result.averages.avgRebalanceBoughtWETH,result.averages.avgRebalanceNeededWETH,result.averages.avgRebalancePostUSDC,result.averages.avgRebalancePostValueUSD,result.averages.avgRebalancePostValueUSDCore,result.averages.avgRebalancePostWETH,result.averages.avgRebalanceRemainingMissingWETH,result.averages.avgRebalanceTargetWETH,result.averages.avgRebalanceUSDCSpent,result.averages.avgShortTradePnl,result.averages.avgStartEquity,result.averages.avgStartPrice,result.averages.avgStartUSDC,result.averages.avgStartWETH,result.averages.bottomLine.deltaUSDC,result.averages.bottomLine.deltaWETH,result.averages.bottomLine.endPoolValueUSD,result.averages.bottomLine.endUSDC,result.averages.bottomLine.endWETH,result.averages.bottomLine.poolVsHoldUSDC,result.averages.bottomLine.postRebalanceDeltaUSDC,result.averages.bottomLine.postRebalanceDeltaWETH,result.averages.bottomLine.postRebalanceUSDC,result.averages.bottomLine.postRebalanceValueUSD,result.averages.bottomLine.postRebalanceVsHoldUSDC,result.averages.bottomLine.postRebalanceWETH,result.averages.bottomLine.rebalanceAction,result.averages.bottomLine.rebalanceBoughtWETH,result.averages.bottomLine.rebalanceSoldWETH,result.averages.bottomLine.rebalanceUSDCReceived,result.averages.bottomLine.rebalanceUSDCSpent,result.averages.rebalanceSuccessRate,result.averages.runs,result.bottomLine.deltaUSDC,result.bottomLine.deltaWETH,result.bottomLine.endPoolValueUSD,result.bottomLine.endUSDC,result.bottomLine.endWETH,result.bottomLine.poolVsHoldUSDC,result.bottomLine.postRebalanceDeltaUSDC,result.bottomLine.postRebalanceDeltaWETH,result.bottomLine.postRebalanceUSDC,result.bottomLine.postRebalanceValueUSD,result.bottomLine.postRebalanceVsHoldUSDC,result.bottomLine.postRebalanceWETH,result.bottomLine.rebalanceAction,result.bottomLine.rebalanceBoughtWETH,result.bottomLine.rebalanceFullyReachedTarget,result.bottomLine.rebalanceRemainingMissingWETH,result.bottomLine.rebalanceSoldWETH,result.bottomLine.rebalanceUSDCReceived,result.bottomLine.rebalanceUSDCSpent,result.model,result.pathLength,result.regime,result.runsPerScenario,result.scenarioKey,result.scenarioLabel,result.scenarioType,result.summary.closeAttempts,result.summary.closeSuccess,result.summary.endEquity,result.summary.endEquityCore,result.summary.endPrice,result.summary.endUSDC,result.summary.endWETH,result.summary.hedgeRealizedPnlUSDC,result.summary.hedgeTotalPnlUSDC,result.summary.hedgeUnrealizedPnlUSDC,result.summary.holdOnlyEnd,result.summary.longTradePnl,result.summary.maxUtilizationBps,result.summary.openedLongs,result.summary.openedShorts,result.summary.openFailInsufficientLiquidity,result.summary.openFailNoOffset,result.summary.openFailOther,result.summary.poolTradePnl,result.summary.rebalanceBoughtWETH,result.summary.rebalanceFullyReachedTarget,result.summary.rebalanceNeededWETH,result.summary.rebalancePostUSDC,result.summary.rebalancePostValueUSD,result.summary.rebalancePostValueUSDCore,result.summary.rebalancePostWETH,result.summary.rebalanceRemainingMissingWETH,result.summary.rebalanceTargetWETH,result.summary.rebalanceUSDCSpent,result.summary.shortTradePnl,result.summary.startEquity,result.summary.startPrice,result.summary.startUSDC,result.summary.startWETH,result.targetTrades,result.title,scenarioName
model-v1-average-100-downtrend.json,2026-02-20T11:44:56.811Z,41741.29,9996.15,168122539057,,1499840000000000000000,52496400000,77083654454018088301,,,,149984000000,-5031300000,8638,9996.15,,3.85,,0,5031300000,22916345545981911698,22916345545981911698,18138539057,168122539057,,100000000000000000000,0,100000000000000000000,34357860942,,300000000000,3000000000000000000000,0,100000000000000000000,52496400000,-22916345545981911699,168122539057,52496400000,77083654454018088301,18138539057,18138539057,0,18138539057,168122539057,18138539057,100000000000000000000,BUY,22916345545981911699,0,0,34357860943,100,100,,,,,,,,,,,,,,,,,,,,v1,,,100,downtrend,Downtrend (target ~0.5x),average100,,,,,,,,,,,,,,,,,,,,,,,,,,,,,,,,,,,,,model-v1-average-100-downtrend
model-v1-average-100-neutral.json,2026-02-20T11:44:56.812Z,48341.65,10000,300338961741,,3001840000000000000000,49929700000,83418445631447664329,,,,300184000000,140600000,5673,10000,,0,,0,-140600000,15907823551244286132,16581554368552335670,2179795521,300338961741,,99326269182691950462,673730817308049537,100000000000000000000,47749904478,,300000000000,3000000000000000000000,0,100000000000000000000,49929700000,-16581554368552335671,300338961741,49929700000,83418445631447664329,154961741,2179795521,-673730817308049538,2179795521,300338961741,154961741,99326269182691950462,BUY,15907823551244286133,0,0,47749904479,53,100,,,,,,,,,,,,,,,,,,,,v1,,,100,neutral,Neutral,average100,,,,,,,,,,,,,,,,,,,,,,,,,,,,,,,,,,,,,model-v1-average-100-neutral
model-v1-average-100-uptrend.json,2026-02-20T11:44:56.809Z,41856.47,10000,571685607996,,5998920000000000000000,47016500000,87459274108118623147,,,,599892000000,5967000000,3851,10000,,0,,0,-5967000000,7839359908585846235,12540725891881376852,0,571685607996,,95298634016704469383,4701365983295530616,100000000000000000000,47016500000,,300000000000,3000000000000000000000,0,100000000000000000000,47016500000,-12540725891881376853,571685607996,47016500000,87459274108118623147,-28206392004,0,-4701365983295530617,0,571685607996,-28206392004,95298634016704469383,BUY,7839359908585846236,0,0,47016500000,0,100,,,,,,,,,,,,,,,,,,,,v1,,,100,uptrend,Uptrend (target ~2x),average100,,,,,,,,,,,,,,,,,,,,,,,,,,,,,,,,,,,,,model-v1-average-100-uptrend
model-v1-random-10000-downtrend.json,2026-02-20T11:44:12.321Z,,,,,,,,,,,,,,,,,,,,,,,,,,,,,,,,,,,,,,,,,,,,,,,,,,,,,53410000000,-20073603830251667167,175857238932,53410000000,79926396169748332833,22657238932,22657238932,0,22657238932,175857238932,22657238932,100000000000000000000,BUY,20073603830251667167,true,0,0,0,30752761068,v1,3000,downtrend,,,,random10000,41560,10000,175857238932,,1532000000000000000000,53410000000,79926396169748332833,,,,153200000000,-6820000000,6708,10000,,0,,0,6820000000,20073603830251667167,true,20073603830251667167,22657238932,175857238932,,100000000000000000000,0,100000000000000000000,30752761068,,300000000000,3000000000000000000000,0,100000000000000000000,10000,Model V1: Downtrend 10000 Trades (Target ~0.5x),model-v1-random-10000-downtrend
model-v1-random-10000-neutral.json,2026-02-20T11:44:13.110Z,,,,,,,,,,,,,,,,,,,,,,,,,,,,,,,,,,,,,,,,,,,,,,,,,,,,,50490000000,-14651934939923242431,309777421652,50490000000,85348065060076757569,5977421652,5977421652,0,5977421652,309777421652,5977421652,100000000000000000000,BUY,14651934939923242431,true,0,0,0,44512578348,v1,3000,neutral,,,,random10000,48193,10000,309777421652,,3038000000000000000000,50490000000,85348065060076757569,,,,303800000000,-980000000,5119,10000,,0,,0,980000000,14651934939923242431,true,14651934939923242431,5977421652,309777421652,,100000000000000000000,0,100000000000000000000,44512578348,,300000000000,3000000000000000000000,0,100000000000000000000,10000,Model V1: Neutral 10000 Trades,model-v1-random-10000-neutral
model-v1-random-10000-uptrend.json,2026-02-20T11:44:11.617Z,,,,,,,,,,,,,,,,,,,,,,,,,,,,,,,,,,,,,,,,,,,,,,,,,,,,,46160000000,-14199100395825854883,571347306477,46160000000,85800899604174145117,-40752693523,0,-6657848966320872038,0,571347306477,-40752693523,93342151033679127962,BUY,7541251429504982845,false,6657848966320872038,0,0,46160000000,v1,3000,uptrend,,,,random10000,42135,10000,571347306477,,6121000000000000000000,46160000000,85800899604174145117,,,,612100000000,7680000000,4852,10000,,0,,0,-7680000000,7541251429504982845,false,14199100395825854883,0,571347306477,,93342151033679127962,6657848966320872038,100000000000000000000,46160000000,,300000000000,3000000000000000000000,0,100000000000000000000,10000,Model V1: Uptrend 10000 Trades (Target ~2x),model-v1-random-10000-uptrend
model-v1-verbose-10-trades.json,2026-02-20T11:44:05.845Z,,,,,,,,,,,,,,,,,,,,,,,,,,,,,,,,,,,,,,,,,,,,,,,,,,,,,50000000,-16408137006437343,999885918629,50000000,99983591862993562657,-114081371,0,-11408137006437343,0,999885918629,-114081371,99988591862993562657,BUY,5000000000000000,false,11408137006437343,0,0,50000000,v1,,,,,,verbose10,10,10,999885918629,,10000000000000000000000,50000000,99983591862993562657,,,,1000000000000,0,0,10,,0,,0,0,5000000000000000,false,16408137006437343,0,999885918629,,99988591862993562657,11408137006437343,100000000000000000000,50000000,,300000000000,3000000000000000000000,0,100000000000000000000,,,model-v1-verbose-10-trades
model-v2-average-100-downtrend.json,2026-02-20T11:45:27.661Z,41758.54,9999.63,155468643170,,1499840000000000000000,5910200000,99717444356779315370,,,,149984000000,-5031300000,7302,9999.63,,0.37,,0,5031300000,282555643220684629,282555643220684629,5484643170,155468643170,,100000000000000000000,0,100000000000000000000,425556829,,300000000000,3000000000000000000000,0,100000000000000000000,5910200000,-282555643220684630,155468643170,5910200000,99717444356779315370,5484643170,5484643170,0,5484643170,155468643170,5484643170,100000000000000000000,BUY,282555643220684630,0,0,425556830,100,100,,,,,,,,,,,,,,,,,,,,v2,,,100,downtrend,Downtrend (target ~0.5x),average100,,,,,,,,,,,,,,,,,,,,,,,,,,,,,,,,,,,,,model-v2-average-100-downtrend
model-v2-average-100-neutral.json,2026-02-20T11:45:27.662Z,48341.65,10000,300316698447,,3001840000000000000000,2574100000,99186921567837623670,,,,300184000000,140600000,5217,10000,,0,,0,-140600000,563130635895391944,813078432162376329,882846710,300316698447,,99750052203733015614,249947796266984385,100000000000000000000,1691253289,,300000000000,3000000000000000000000,0,100000000000000000000,2574100000,-813078432162376330,300316698447,2574100000,99186921567837623670,132698447,882846710,-249947796266984386,882846710,300316698447,132698447,99750052203733015614,BUY,563130635895391944,0,0,1691253290,56,100,,,,,,,,,,,,,,,,,,,,v2,,,100,neutral,Neutral,average100,,,,,,,,,,,,,,,,,,,,,,,,,,,,,,,,,,,,,model-v2-average-100-neutral
model-v2-average-100-uptrend.json,2026-02-20T11:45:27.659Z,41856.47,10000,591314417590,,5998920000000000000000,836100000,98431129085289148777,,,,599892000000,5967000000,3763,10000,,0,,0,-5967000000,139598692919249274,1568870914710851222,0,591314417590,,98570727778208398052,1429272221791601947,100000000000000000000,836100000,,300000000000,3000000000000000000000,0,100000000000000000000,836100000,-1568870914710851223,591314417590,836100000,98431129085289148777,-8577582410,0,-1429272221791601948,0,591314417590,-8577582410,98570727778208398052,BUY,139598692919249275,0,0,836100000,0,100,,,,,,,,,,,,,,,,,,,,v2,,,100,uptrend,Uptrend (target ~2x),average100,,,,,,,,,,,,,,,,,,,,,,,,,,,,,,,,,,,,,model-v2-average-100-uptrend
model-v2-random-10000-downtrend.json,2026-02-20T11:45:08.106Z,,,,,,,,,,,,,,,,,,,,,,,,,,,,,,,,,,,,,,,,,,,,,,,,,,,,,9120000000,-176576877922564764,156259725681,9120000000,99823423122077435236,8859725681,8859725681,0,8859725681,156259725681,8859725681,100000000000000000000,BUY,176576877922564764,true,0,0,0,260274319,v2,3000,downtrend,,,,random10000,40548,9992,156259725681,,1474000000000000000000,9120000000,99823423122077435236,,,,147400000000,-8560000000,9849,9992,,8,,0,8560000000,176576877922564764,true,176576877922564764,8859725681,156259725681,,100000000000000000000,0,100000000000000000000,260274319,,300000000000,3000000000000000000000,0,100000000000000000000,10000,Model V2: Downtrend 10000 Trades (Target ~0.5x),model-v2-random-10000-downtrend
model-v2-random-10000-neutral.json,2026-02-20T11:45:08.848Z,,,,,,,,,,,,,,,,,,,,,,,,,,,,,,,,,,,,,,,,,,,,,,,,,,,,,1770000000,-776112860934668795,295175034270,1770000000,99223887139065331205,-524965730,0,-177533219406092536,0,295175034270,-524965730,99822466780593907464,BUY,598579641528576259,false,177533219406092536,0,0,1770000000,v2,3000,neutral,,,,random10000,45968,10000,295175034270,,2957000000000000000000,1770000000,99223887139065331205,,,,295700000000,580000000,5264,10000,,0,,0,-580000000,598579641528576259,false,776112860934668795,0,295175034270,,99822466780593907464,177533219406092536,100000000000000000000,1770000000,,300000000000,3000000000000000000000,0,100000000000000000000,10000,Model V2: Neutral 10000 Trades,model-v2-random-10000-neutral
model-v2-random-10000-uptrend.json,2026-02-20T11:45:07.443Z,,,,,,,,,,,,,,,,,,,,,,,,,,,,,,,,,,,,,,,,,,,,,,,,,,,,,430000000,-1027055460322170268,600305016854,430000000,98972944539677829732,-5794983146,0,-956110071772426002,0,600305016854,-5794983146,99043889928227573998,BUY,70945388549744266,false,956110071772426002,0,0,430000000,v2,3000,uptrend,,,,random10000,41935,10000,600305016854,,6061000000000000000000,430000000,98972944539677829732,,,,606100000000,3920000000,3436,10000,,0,,0,-3920000000,70945388549744266,false,1027055460322170268,0,600305016854,,99043889928227573998,956110071772426002,100000000000000000000,430000000,,300000000000,3000000000000000000000,0,100000000000000000000,10000,Model V2: Uptrend 10000 Trades (Target ~2x),model-v2-random-10000-uptrend
model-v2-verbose-10-trades.json,2026-02-20T11:45:01.331Z,,,,,,,,,,,,,,,,,,,,,,,,,,,,,,,,,,,,,,,,,,,,,,,,,,,,,10000000,-3313452617627568,999976865473,10000000,99996686547382372432,-23134527,0,-2313452617627568,0,999976865473,-23134527,99997686547382372432,BUY,1000000000000000,false,2313452617627568,0,0,10000000,v2,,,,,,verbose10,10,10,999976865473,,10000000000000000000000,10000000,99996686547382372432,,,,1000000000000,0,0,10,,0,,0,0,1000000000000000,false,3313452617627568,0,999976865473,,99997686547382372432,2313452617627568,100000000000000000000,10000000,,300000000000,3000000000000000000000,0,100000000000000000000,,,model-v2-verbose-10-trades
model-v3-average-100-downtrend.json,2026-02-20T11:57:42.666Z,1637300.33,9306,156002313818,,1519910000000000000000,0,102654050930203210577,,,,151991000000,1906400000,7119,9999.77,,0.23,,0,-1906400000,0,0,0,156002313818,,102654050930203210577,0,100000000000000000000,0,,300000000000,3000000000000000000000,0,100000000000000000000,0,2654050930203210577,156002313818,0,102654050930203210577,4011313818,0,2654050930203210577,0,156002313818,4011313818,102654050930203210577,NONE,0,0,0,0,100,100,,,,,,,,,,,,,,,,,,,,v3,,,100,downtrend,Downtrend (target ~0.5x),average100,,,,,,,,,,,,,,,,,,,,,,,,,,,,,,,,,,,,,model-v3-average-100-downtrend
model-v3-average-100-neutral.json,2026-02-20T11:57:42.668Z,1573773.6,9332.2,298616613811,,2982040000000000000000,0,100137864844751071057,,,,298204000000,6818600000,5172,10000,,0,,0,-6818600000,0,215010935960217254,0,298616613811,,100137864844751071057,215010935960217254,100000000000000000000,0,,300000000000,3000000000000000000000,0,100000000000000000000,0,137864844751071057,298616613811,0,100137864844751071057,412613811,0,137864844751071057,0,298616613811,412613811,100137864844751071057,NONE,0,0,0,0,61,100,,,,,,,,,,,,,,,,,,,,v3,,,100,neutral,Neutral,average100,,,,,,,,,,,,,,,,,,,,,,,,,,,,,,,,,,,,,model-v3-average-100-neutral
model-v3-average-100-uptrend.json,2026-02-20T11:57:42.663Z,1447514.61,9380.43,584908452892,,5924690000000000000000,0,98725500724303357306,,,,592469000000,12162700000,3752,10000,,0,,0,-12162700000,0,1275011489075794294,0,584908452892,,98725500724303357306,1275011489075794294,100000000000000000000,0,,300000000000,3000000000000000000000,0,100000000000000000000,0,-1274499275696642694,584908452892,0,98725500724303357306,-7560547108,0,-1274499275696642694,0,584908452892,-7560547108,98725500724303357306,NONE,0,0,0,0,1,100,,,,,,,,,,,,,,,,,,,,v3,,,100,uptrend,Uptrend (target ~2x),average100,,,,,,,,,,,,,,,,,,,,,,,,,,,,,,,,,,,,,model-v3-average-100-uptrend
model-v3-random-10000-downtrend.json,2026-02-20T11:46:33.618Z,,,,,,,,,,,,,,,,,,,,,,,,,,,,,,,,,,,,,,,,,,,,,,,,,,,,,0,1694348112935486615,129558599495,0,101694348112935486615,2158599495,0,1694348112935486615,0,129558599495,2158599495,101694348112935486615,NONE,0,true,0,0,0,0,v3,3000,downtrend,,,,random10000,1618327,9312,129558599495,,1274000000000000000000,0,101694348112935486615,,,,127400000000,3800000000,6714,10000,,0,,0,-3800000000,0,true,0,0,129558599495,,101694348112935486615,0,100000000000000000000,0,,300000000000,3000000000000000000000,0,100000000000000000000,10000,Model V3: Downtrend 10000 Trades (Target ~0.5x),model-v3-random-10000-downtrend
model-v3-random-10000-neutral.json,2026-02-20T11:47:04.102Z,,,,,,,,,,,,,,,,,,,,,,,,,,,,,,,,,,,,,,,,,,,,,,,,,,,,,0,-96340704616470552,311699417001,0,99903659295383529448,-300582999,0,-96340704616470552,0,311699417001,-300582999,99903659295383529448,NONE,0,false,96340704616470552,0,0,0,v3,3000,neutral,,,,random10000,1757700,9271,311699417001,,3120000000000000000000,0,99903659295383529448,,,,312000000000,8390000000,7248,10000,,0,,0,-8390000000,0,false,96340704616470552,0,311699417001,,99903659295383529448,96340704616470552,100000000000000000000,0,,300000000000,3000000000000000000000,0,100000000000000000000,10000,Model V3: Neutral 10000 Trades,model-v3-random-10000-neutral
model-v3-random-10000-uptrend.json,2026-02-20T11:46:04.653Z,,,,,,,,,,,,,,,,,,,,,,,,,,,,,,,,,,,,,,,,,,,,,,,,,,,,,0,-1893009595564853221,548418076360,0,98106990404435146779,-10581923640,0,-1893009595564853221,0,548418076360,-10581923640,98106990404435146779,NONE,0,false,1893009595564853221,0,0,0,v3,3000,uptrend,,,,random10000,1469650,9368,548418076360,,5590000000000000000000,0,98106990404435146779,,,,559000000000,14480000000,3438,10000,,0,,0,-14480000000,0,false,1893009595564853221,0,548418076360,,98106990404435146779,1893009595564853221,100000000000000000000,0,,300000000000,3000000000000000000000,0,100000000000000000000,10000,Model V3: Uptrend 10000 Trades (Target ~2x),model-v3-random-10000-uptrend
model-v3-verbose-10-trades.json,2026-02-20T11:45:36.480Z,,,,,,,,,,,,,,,,,,,,,,,,,,,,,,,,,,,,,,,,,,,,,,,,,,,,,0,564933431668319,1000005649334,0,100000564933431668319,5649334,0,564933431668319,0,1000005649334,5649334,100000564933431668319,NONE,0,true,0,0,0,0,v3,,,,,,verbose10,10,10,1000005649334,,10000000000000000000000,0,100000564933431668319,,,,1000000000000,0,0,10,,0,,0,0,0,true,0,0,1000005649334,,100000564933431668319,0,100000000000000000000,0,,300000000000,3000000000000000000000,0,100000000000000000000,,,model-v3-verbose-10-trades
model-v4-average-100-downtrend.json,2026-03-12T09:17:09.448Z,3663794.45,8419.8,150987574707,,1501600000000000000000,0,100550776822369401942,,,,150160000000,5948900000,2430,5964.6,4035.4,0,0,0,-14710400000,0,5548235773731639,0,150987574707,,100550776822369401942,5548235773731639,100000000000000000000,0,8761500000,300000000000,3000000000000000000000,0,100000000000000000000,0,550776822369401942,150987574707,0,100550776822369401942,827574707,0,550776822369401942,0,150987574707,827574707,100550776822369401942,NONE,0,0,0,0,95,100,,,,,,,,,,,,,,,,,,,,v4,,,100,downtrend,Downtrend (target ~0.5x),average100,,,,,,,,,,,,,,,,,,,,,,,,,,,,,,,,,,,,,model-v4-average-100-downtrend
model-v4-average-100-neutral.json,2026-03-12T09:17:09.450Z,3656328.32,8423.32,303781801509,,3036190000000000000000,0,100053773214344363542,,,,303619000000,8443100000,1621,5895.64,4104.36,0,0,0,-15704200000,0,72944336590297491,0,303781801509,,100053773214344363542,72944336590297491,100000000000000000000,0,7261100000,300000000000,3000000000000000000000,0,100000000000000000000,0,53773214344363542,303781801509,0,100053773214344363542,162801509,0,53773214344363542,0,303781801509,162801509,100053773214344363542,NONE,0,0,0,0,56,100,,,,,,,,,,,,,,,,,,,,v4,,,100,neutral,Neutral,average100,,,,,,,,,,,,,,,,,,,,,,,,,,,,,,,,,,,,,model-v4-average-100-neutral
model-v4-average-100-uptrend.json,2026-03-12T09:17:09.445Z,3614614.57,8439.53,584405950124,,5857290000000000000000,0,99772879687859517102,,,,585729000000,11274000000,1200,5964.12,4035.88,0,0,0,-16690100000,0,240319329611426037,0,584405950124,,99772879687859517102,240319329611426037,100000000000000000000,0,5416100000,300000000000,3000000000000000000000,0,100000000000000000000,0,-227120312140482898,584405950124,0,99772879687859517102,-1323049876,0,-227120312140482898,0,584405950124,-1323049876,99772879687859517102,NONE,0,0,0,0,11,100,,,,,,,,,,,,,,,,,,,,v4,,,100,uptrend,Uptrend (target ~2x),average100,,,,,,,,,,,,,,,,,,,,,,,,,,,,,,,,,,,,,model-v4-average-100-uptrend
model-v4-random-10000-downtrend.json,2026-02-20T11:58:12.163Z,,,,,,,,,,,,,,,,,,,,,,,,,,,,,,,,,,,,,,,,,,,,,,,,,,,,,50970000000,-22202358750908129614,170233784034,50970000000,77797641249091870386,16933784034,16933784034,0,16933784034,170233784034,16933784034,100000000000000000000,BUY,22202358750908129614,true,0,0,0,34036215966,v4,3000,downtrend,,,,random10000,40176,10000,170233784034,,1533000000000000000000,50970000000,77797641249091870386,,,,153300000000,-3670000000,2473,6021,3979,0,0,0,1940000000,22202358750908129614,true,22202358750908129614,16933784034,170233784034,,100000000000000000000,0,100000000000000000000,34036215966,1730000000,300000000000,3000000000000000000000,0,100000000000000000000,10000,Model V4: Downtrend 10000 Trades (Long+Short Offset),model-v4-random-10000-downtrend
model-v4-random-10000-neutral.json,2026-02-20T11:58:13.043Z,,,,,,,,,,,,,,,,,,,,,,,,,,,,,,,,,,,,,,,,,,,,,,,,,,,,,50080000000,-16617082409132677580,300228752772,50080000000,83382917590867322420,228752772,228752772,0,228752772,300228752772,228752772,100000000000000000000,BUY,16617082409132677580,true,0,0,0,49851247228,v4,3000,neutral,,,,random10000,47605,10000,300228752772,,3000000000000000000000,50080000000,83382917590867322420,,,,300000000000,-260000000,1662,5878,4122,0,0,0,160000000,16617082409132677580,true,16617082409132677580,228752772,300228752772,,100000000000000000000,0,100000000000000000000,49851247228,100000000,300000000000,3000000000000000000000,0,100000000000000000000,10000,Model V4: Neutral 10000 Trades (Long+Short Offset),model-v4-random-10000-neutral
model-v4-random-10000-uptrend.json,2026-02-20T11:58:11.322Z,,,,,,,,,,,,,,,,,,,,,,,,,,,,,,,,,,,,,,,,,,,,,,,,,,,,,49350000000,-11579763424751645873,589862906184,49350000000,88420236575248354127,-21437093816,0,-3506804157616033245,0,589862906184,-21437093816,96493195842383966755,BUY,8072959267135612628,false,3506804157616033245,0,0,49350000000,v4,3000,uptrend,,,,random10000,41964,10000,589862906184,,6113000000000000000000,49350000000,88420236575248354127,,,,611300000000,1530000000,1005,5963,4037,0,0,0,-1300000000,8072959267135612628,false,11579763424751645873,0,589862906184,,96493195842383966755,3506804157616033245,100000000000000000000,49350000000,-230000000,300000000000,3000000000000000000000,0,100000000000000000000,10000,Model V4: Uptrend 10000 Trades (Long+Short Offset),model-v4-random-10000-uptrend
model-v4-verbose-10-trades.json,2026-03-12T08:54:58.076Z,,,,,,,,,,,,,,,,,,,,,,,,,,,,,,,,,,,,,,,,,,,,,,,,,,,,,0,-5,999999999999,0,99999999999999999995,-1,0,-5,0,999999999999,-1,99999999999999999995,NONE,0,false,5,0,0,0,v4,,,,,,verbose10,50,15,999999999999,,10000000000000000000000,0,99999999999999999995,,,,1000000000000,0,0,10,10,0,0,0,-50000000,0,false,5,0,999999999999,,99999999999999999995,5,100000000000000000000,0,50000000,300000000000,3000000000000000000000,0,100000000000000000000,,,model-v4-verbose-10-trades
model-v5-average-100-downtrend.json,2026-02-20T16:08:05.099Z,41812.16,10000,173134127601,163520522872,1497410000000000000000,50076500000,75759922461527229087,9613604729,9613604729,0,149741000000,-2593500000,2820,5006.53,4993.47,0,0,0,153000000,24240077538472770912,24240077538472770912,13779522872,173134127601,163520522872,100000000000000000000,0,100000000000000000000,36296977127,2440500000,300000000000,3000000000000000000000,0,100000000000000000000,50076500000,-24240077538472770913,173134127601,50076500000,75759922461527229087,23393127601,13779522872,0,13779522872,173134127601,23393127601,100000000000000000000,BUY,24240077538472770913,0,0,36296977128,100,100,,,,,,,,,,,,,,,,,,,,v5,,,100,downtrend,Downtrend (target ~0.5x),average100,,,,,,,,,,,,,,,,,,,,,,,,,,,,,,,,,,,,,model-v5-average-100-downtrend
model-v5-average-100-neutral.json,2026-02-20T16:08:05.100Z,48321.14,10000,300702149099,301292190817,3013400000000000000000,50060100000,83368729688840011327,-590041717,-590041717,0,301340000000,-46800000,1721,5006.38,4993.62,0,0,0,120200000,16036294650072948132,16631270311159988672,1744377633,300702149099,301292190817,99405024338912959459,594975661087040540,100000000000000000000,48315722366,-73400000,300000000000,3000000000000000000000,0,100000000000000000000,50060100000,-16631270311159988673,300702149099,50060100000,83368729688840011327,-637850901,1744377633,-594975661087040541,1744377633,300702149099,-637850901,99405024338912959459,BUY,16036294650072948132,0,0,48315722367,49,100,,,,,,,,,,,,,,,,,,,,v5,,,100,neutral,Neutral,average100,,,,,,,,,,,,,,,,,,,,,,,,,,,,,,,,,,,,,model-v5-average-100-neutral
model-v5-average-100-uptrend.json,2026-02-20T16:08:05.097Z,41865.62,10000,566055908520,578256509491,5995190000000000000000,50032800000,88107116196509910811,-12200600970,-12200600970,0,599519000000,2884300000,1215,5014.07,4985.93,0,0,0,65600000,8347117741688843102,11892883803490089188,0,566055908520,578256509491,96454233938198753913,3545766061801246086,100000000000000000000,50032800000,-2949900000,300000000000,3000000000000000000000,0,100000000000000000000,50032800000,-11892883803490089189,566055908520,50032800000,88107116196509910811,-33463091480,0,-3545766061801246087,0,566055908520,-33463091480,96454233938198753913,BUY,8347117741688843102,0,0,50032800000,0,100,,,,,,,,,,,,,,,,,,,,v5,,,100,uptrend,Uptrend (target ~2x),average100,,,,,,,,,,,,,,,,,,,,,,,,,,,,,,,,,,,,,model-v5-average-100-uptrend
model-v5-random-10000-downtrend.json,2026-02-20T16:07:46.633Z,,,,,,,,,,,,,,,,,,,,,,,,,,,,,,,,,,,,,,,,,,,,,,,,,,,,,49630000000,-24594460919951283743,176761599100,49630000000,75405539080048716257,29061599100,13303981221,0,13303981221,176761599100,29061599100,100000000000000000000,BUY,24594460919951283743,true,0,0,0,36326018779,v5,3000,downtrend,,,,random10000,41950,10000,176761599100,161003981221,1477000000000000000000,49630000000,75405539080048716257,15757617879,15757617879,0,147700000000,-2840000000,3686,4966,5034,0,0,0,-740000000,24594460919951283743,true,24594460919951283743,13303981221,176761599100,161003981221,100000000000000000000,0,100000000000000000000,36326018779,3580000000,300000000000,3000000000000000000000,0,100000000000000000000,10000,Model V5: Downtrend 10000 Trades (Short-Hedged Offset),model-v5-random-10000-downtrend
model-v5-random-10000-neutral.json,2026-02-20T16:07:47.375Z,,,,,,,,,,,,,,,,,,,,,,,,,,,,,,,,,,,,,,,,,,,,,,,,,,,,,49570000000,-17521999586085466235,289180430319,49570000000,82478000413914533765,-8819569681,0,-887771398166003148,0,289180430319,-8819569681,99112228601833996852,BUY,16634228187919463087,false,887771398166003148,0,0,49570000000,v5,3000,neutral,,,,random10000,47757,10000,289180430319,295354441233,2980000000000000000000,49570000000,82478000413914533765,-6174010914,-6174010914,0,298000000000,2670000000,1914,5055,4945,0,0,0,-860000000,16634228187919463087,false,17521999586085466235,0,289180430319,295354441233,99112228601833996852,887771398166003148,100000000000000000000,49570000000,-1810000000,300000000000,3000000000000000000000,0,100000000000000000000,10000,Model V5: Neutral 10000 Trades (Short-Hedged Offset),model-v5-random-10000-neutral
model-v5-random-10000-uptrend.json,2026-02-20T16:07:45.904Z,,,,,,,,,,,,,,,,,,,,,,,,,,,,,,,,,,,,,,,,,,,,,,,,,,,,,49660000000,-11410771896562741537,560571839728,49660000000,88589228103437258463,-30728160272,0,-3012327790356078253,0,560571839728,-30728160272,96987672209643921747,BUY,8398444106206663284,false,3012327790356078253,0,0,49660000000,v5,3000,uptrend,,,,random10000,41882,10000,560571839728,573488105775,5913000000000000000000,49660000000,88589228103437258463,-12916266047,-12916266047,0,591300000000,3410000000,1014,4993,5007,0,0,0,-680000000,8398444106206663284,false,11410771896562741537,0,560571839728,573488105775,96987672209643921747,3012327790356078253,100000000000000000000,49660000000,-2730000000,300000000000,3000000000000000000000,0,100000000000000000000,10000,Model V5: Uptrend 10000 Trades (Short-Hedged Offset),model-v5-random-10000-uptrend
model-v5-verbose-10-trades.json,2026-02-20T16:07:41.517Z,,,,,,,,,,,,,,,,,,,,,,,,,,,,,,,,,,,,,,,,,,,,,,,,,,,,,100000000,-33381207444543010,999879671373,100000000,99966618792555456990,-120328627,0,-23381207444543010,0,999879671373,-120328627,99976618792555456990,BUY,10000000000000000,false,23381207444543010,0,0,100000000,v5,,,,,,verbose10,20,20,999879671373,999766187925,10000000000000000000000,100000000,99966618792555456990,113483448,113483448,0,1000000000000,0,0,10,10,0,0,0,0,10000000000000000,false,33381207444543010,0,999879671373,999766187925,99976618792555456990,23381207444543010,100000000000000000000,100000000,0,300000000000,3000000000000000000000,0,100000000000000000000,,,model-v5-verbose-10-trades
